{"cameraMode":{"drawMode":0,"name":"Shaded","section":"Shading Mode"},"sceneLighting":true,"audioPlay":false,"sceneViewState":{"m_AlwaysRefresh":false,"showFog":true,"showSkybox":true,"showFlares":true,"showImageEffects":true,"showParticleSystems":true,"showVisualEffectGraphs":true,"m_FxEnabled":true},"in2DMode":false,"pivot":{"x":396.8602294921875,"y":14.365245819091797,"z":-790.0733642578125},"rotation":{"x":0.16143135726451875,"y":0.11135690659284592,"z":0.01833810843527317,"w":-0.9804246425628662},"size":2.2914366722106935,"orthographic":false}